[
    {
        "timeformat": "Dateline Standard Time",
        "offset": "(UTC-12:00) International Date Line West",
        "utc_by_country": [
            "Etc/GMT+12"
        ]
    },
    {
        "timeformat": "UTC-11",
        "offset": "(UTC-11:00) Coordinated Universal Time-11",
        "utc_by_country": [
            "Etc/GMT+11",
            "Pacific/Midway",
            "Pacific/Niue",
            "Pacific/Pago_Pago"
        ]
    },
    {
        "timeformat": "Hawaiian Standard Time",
        "offset": "(UTC-10:00) Hawaii",
        "utc_by_country": [
            "Etc/GMT+10",
            "Pacific/Honolulu",
            "Pacific/Johnston",
            "Pacific/Rarotonga",
            "Pacific/Tahiti"
        ]
    },
    {
        "timeformat": "Alaskan Standard Time",
        "offset": "(UTC-09:00) Alaska",
        "utc_by_country": [
            "America/Anchorage",
            "America/Juneau",
            "America/Nome",
            "America/Sitka",
            "America/Yakutat"
        ]
    },
    {
        "timeformat": "Pacific Standard Time (Mexico)",
        "offset": "(UTC-08:00) Baja California",
        "utc_by_country": [
            "America/Santa_Isabel"
        ]
    },
    {
        "timeformat": "Pacific Standard Time",
        "offset": "(UTC-08:00) Pacific Standard Time (US & Canada)",
        "utc_by_country": [
            "America/Los_Angeles",
            "America/Tijuana",
            "America/Vancouver",
            "PST8PDT"
        ]
    },
    {
        "timeformat": "Pacific Daylight Time",
        "offset": "(UTC-07:00) Pacific Daylight Time (US & Canada)",
        "utc_by_country": [
            "America/Los_Angeles",
            "America/Tijuana",
            "America/Vancouver"
        ]
    },
    {
        "timeformat": "US Mountain Standard Time",
        "offset": "(UTC-07:00) Arizona",
        "utc_by_country": [
            "America/Creston",
            "America/Dawson",
            "America/Dawson_Creek",
            "America/Hermosillo",
            "America/Phoenix",
            "America/Whitehorse",
            "Etc/GMT+7"
        ]
    },
    {
        "timeformat": "Mountain Standard Time (Mexico)",
        "offset": "(UTC-07:00) Chihuahua, La Paz, Mazatlan",
        "utc_by_country": [
            "America/Chihuahua",
            "America/Mazatlan"
        ]
    },
    {
        "timeformat": "Mountain Standard Time",
        "offset": "(UTC-07:00) Mountain Time (US & Canada)",
        "utc_by_country": [
            "America/Boise",
            "America/Cambridge_Bay",
            "America/Denver",
            "America/Edmonton",
            "America/Inuvik",
            "America/Ojinaga",
            "America/Yellowknife",
            "MST7MDT"
        ]
    },
    {
        "timeformat": "Central America Standard Time",
        "offset": "(UTC-06:00) Central America",
        "utc_by_country": [
            "America/Belize",
            "America/Costa_Rica",
            "America/El_Salvador",
            "America/Guatemala",
            "America/Managua",
            "America/Tegucigalpa",
            "Etc/GMT+6",
            "Pacific/Galapagos"
        ]
    },
    {
        "timeformat": "Central Standard Time",
        "offset": "(UTC-06:00) Central Time (US & Canada)",
        "utc_by_country": [
            "America/Chicago",
            "America/Indiana/Knox",
            "America/Indiana/Tell_City",
            "America/Matamoros",
            "America/Menominee",
            "America/North_Dakota/Beulah",
            "America/North_Dakota/Center",
            "America/North_Dakota/New_Salem",
            "America/Rainy_River",
            "America/Rankin_Inlet",
            "America/Resolute",
            "America/Winnipeg",
            "CST6CDT"
        ]
    },
    {
        "timeformat": "Central Standard Time (Mexico)",
        "offset": "(UTC-06:00) Guadalajara, Mexico City, Monterrey",
        "utc_by_country": [
            "America/Bahia_Banderas",
            "America/Cancun",
            "America/Merida",
            "America/Mexico_City",
            "America/Monterrey"
        ]
    },
    {
        "timeformat": "Canada Central Standard Time",
        "offset": "(UTC-06:00) Saskatchewan",
        "utc_by_country": [
            "America/Regina",
            "America/Swift_Current"
        ]
    },
    {
        "timeformat": "SA Pacific Standard Time",
        "offset": "(UTC-05:00) Bogota, Lima, Quito",
        "utc_by_country": [
            "America/Bogota",
            "America/Cayman",
            "America/Coral_Harbour",
            "America/Eirunepe",
            "America/Guayaquil",
            "America/Jamaica",
            "America/Lima",
            "America/Panama",
            "America/Rio_Branco",
            "Etc/GMT+5"
        ]
    },
    {
        "timeformat": "Eastern Standard Time",
        "offset": "(UTC-05:00) Eastern Time (US & Canada)",
        "utc_by_country": [
            "America/Detroit",
            "America/Havana",
            "America/Indiana/Petersburg",
            "America/Indiana/Vincennes",
            "America/Indiana/Winamac",
            "America/Iqaluit",
            "America/Kentucky/Monticello",
            "America/Louisville",
            "America/Montreal",
            "America/Nassau",
            "America/New_York",
            "America/Nipigon",
            "America/Pangnirtung",
            "America/Port-au-Prince",
            "America/Thunder_Bay",
            "America/Toronto"
        ]
    },
    {
        "timeformat": "Eastern Daylight Time",
        "offset": "(UTC-04:00) Eastern Daylight Time (US & Canada)",
        "utc_by_country": [
            "America/Detroit",
            "America/Havana",
            "America/Indiana/Petersburg",
            "America/Indiana/Vincennes",
            "America/Indiana/Winamac",
            "America/Iqaluit",
            "America/Kentucky/Monticello",
            "America/Louisville",
            "America/Montreal",
            "America/Nassau",
            "America/New_York",
            "America/Nipigon",
            "America/Pangnirtung",
            "America/Port-au-Prince",
            "America/Thunder_Bay",
            "America/Toronto"
        ]
    },
    {
        "timeformat": "US Eastern Standard Time",
        "offset": "(UTC-05:00) Indiana (East)",
        "utc_by_country": [
            "America/Indiana/Marengo",
            "America/Indiana/Vevay",
            "America/Indianapolis"
        ]
    },
    {
        "timeformat": "Venezuela Standard Time",
        "offset": "(UTC-04:30) Caracas",
        "utc_by_country": [
            "America/Caracas"
        ]
    },
    {
        "timeformat": "Paraguay Standard Time",
        "offset": "(UTC-04:00) Asuncion",
        "utc_by_country": [
            "America/Asuncion"
        ]
    },
    {
        "timeformat": "Atlantic Standard Time",
        "offset": "(UTC-04:00) Atlantic Time (Canada)",
        "utc_by_country": [
            "America/Glace_Bay",
            "America/Goose_Bay",
            "America/Halifax",
            "America/Moncton",
            "America/Thule",
            "Atlantic/Bermuda"
        ]
    },
    {
        "timeformat": "Central Brazilian Standard Time",
        "offset": "(UTC-04:00) Cuiaba",
        "utc_by_country": [
            "America/Campo_Grande",
            "America/Cuiaba"
        ]
    },
    {
        "timeformat": "SA Western Standard Time",
        "offset": "(UTC-04:00) Georgetown, La Paz, Manaus, San Juan",
        "utc_by_country": [
            "America/Anguilla",
            "America/Antigua",
            "America/Aruba",
            "America/Barbados",
            "America/Blanc-Sablon",
            "America/Boa_Vista",
            "America/Curacao",
            "America/Dominica",
            "America/Grand_Turk",
            "America/Grenada",
            "America/Guadeloupe",
            "America/Guyana",
            "America/Kralendijk",
            "America/La_Paz",
            "America/Lower_Princes",
            "America/Manaus",
            "America/Marigot",
            "America/Martinique",
            "America/Montserrat",
            "America/Port_of_Spain",
            "America/Porto_Velho",
            "America/Puerto_Rico",
            "America/Santo_Domingo",
            "America/St_Barthelemy",
            "America/St_Kitts",
            "America/St_Lucia",
            "America/St_Thomas",
            "America/St_Vincent",
            "America/Tortola",
            "Etc/GMT+4"
        ]
    },
    {
        "timeformat": "Pacific SA Standard Time",
        "offset": "(UTC-04:00) Santiago",
        "utc_by_country": [
            "America/Santiago",
            "Antarctica/Palmer"
        ]
    },
    {
        "timeformat": "Newfoundland Standard Time",
        "offset": "(UTC-03:30) Newfoundland",
        "utc_by_country": [
            "America/St_Johns"
        ]
    },
    {
        "timeformat": "E. South America Standard Time",
        "offset": "(UTC-03:00) Brasilia",
        "utc_by_country": [
            "America/Sao_Paulo"
        ]
    },
    {
        "timeformat": "Argentina Standard Time",
        "offset": "(UTC-03:00) Buenos Aires",
        "utc_by_country": [
            "America/Argentina/La_Rioja",
            "America/Argentina/Rio_Gallegos",
            "America/Argentina/Salta",
            "America/Argentina/San_Juan",
            "America/Argentina/San_Luis",
            "America/Argentina/Tucuman",
            "America/Argentina/Ushuaia",
            "America/Buenos_Aires",
            "America/Catamarca",
            "America/Cordoba",
            "America/Jujuy",
            "America/Mendoza"
        ]
    },
    {
        "timeformat": "SA Eastern Standard Time",
        "offset": "(UTC-03:00) Cayenne, Fortaleza",
        "utc_by_country": [
            "America/Araguaina",
            "America/Belem",
            "America/Cayenne",
            "America/Fortaleza",
            "America/Maceio",
            "America/Paramaribo",
            "America/Recife",
            "America/Santarem",
            "Antarctica/Rothera",
            "Atlantic/Stanley",
            "Etc/GMT+3"
        ]
    },
    {
        "timeformat": "Greenland Standard Time",
        "offset": "(UTC-03:00) Greenland",
        "utc_by_country": [
            "America/Godthab"
        ]
    },
    {
        "timeformat": "Montevideo Standard Time",
        "offset": "(UTC-03:00) Montevideo",
        "utc_by_country": [
            "America/Montevideo"
        ]
    },
    {
        "timeformat": "Bahia Standard Time",
        "offset": "(UTC-03:00) Salvador",
        "utc_by_country": [
            "America/Bahia"
        ]
    },
    {
        "timeformat": "UTC-02",
        "offset": "(UTC-02:00) Coordinated Universal Time-02",
        "utc_by_country": [
            "America/Noronha",
            "Atlantic/South_Georgia",
            "Etc/GMT+2"
        ]
    },
    {
        "timeformat": "Mid-Atlantic Standard Time",
        "offset": "(UTC-02:00) Mid-Atlantic - Old",
        "utc_by_country": []
    },
    {
        "timeformat": "Azores Standard Time",
        "offset": "(UTC-01:00) Azores",
        "utc_by_country": [
            "America/Scoresbysund",
            "Atlantic/Azores"
        ]
    },
    {
        "timeformat": "Cape Verde Standard Time",
        "offset": "(UTC-01:00) Cape Verde Is.",
        "utc_by_country": [
            "Atlantic/Cape_Verde",
            "Etc/GMT+1"
        ]
    },
    {
        "timeformat": "Morocco Standard Time",
        "offset": "(UTC) Casablanca",
        "utc_by_country": [
            "Africa/Casablanca",
            "Africa/El_Aaiun"
        ]
    },
    {
        "timeformat": "UTC_by_country",
        "offset": "(UTC) Coordinated Universal Time",
        "utc_by_country": [
            "America/Danmarkshavn",
            "Etc/GMT"
        ]
    },
    {
        "timeformat": "GMT Standard Time",
        "offset": "(UTC) Edinburgh, London",
        "utc_by_country": [
            "Europe/Isle_of_Man",
            "Europe/Guernsey",
            "Europe/Jersey",
            "Europe/London"
        ]
    },
    {
        "timeformat": "British Summer Time",
        "offset": "(UTC+01:00) Edinburgh, London",
        "utc_by_country": [
            "Europe/Isle_of_Man",
            "Europe/Guernsey",
            "Europe/Jersey",
            "Europe/London"
        ]
    },
    {
        "timeformat": "GMT Standard Time",
        "offset": "(UTC) Dublin, Lisbon",
        "utc_by_country": [
            "Atlantic/Canary",
            "Atlantic/Faeroe",
            "Atlantic/Madeira",
            "Europe/Dublin",
            "Europe/Lisbon"
        ]
    },
    {
        "timeformat": "Greenwich Standard Time",
        "offset": "(UTC) Monrovia, Reykjavik",
        "utc_by_country": [
            "Africa/Abidjan",
            "Africa/Accra",
            "Africa/Bamako",
            "Africa/Banjul",
            "Africa/Bissau",
            "Africa/Conakry",
            "Africa/Dakar",
            "Africa/Freetown",
            "Africa/Lome",
            "Africa/Monrovia",
            "Africa/Nouakchott",
            "Africa/Ouagadougou",
            "Africa/Sao_Tome",
            "Atlantic/Reykjavik",
            "Atlantic/St_Helena"
        ]
    },
    {
        "timeformat": "W. Europe Standard Time",
        "offset": "(UTC+01:00) Amsterdam, Berlin, Bern, Rome, Stockholm, Vienna",
        "utc_by_country": [
            "Arctic/Longyearbyen",
            "Europe/Amsterdam",
            "Europe/Andorra",
            "Europe/Berlin",
            "Europe/Busingen",
            "Europe/Gibraltar",
            "Europe/Luxembourg",
            "Europe/Malta",
            "Europe/Monaco",
            "Europe/Oslo",
            "Europe/Rome",
            "Europe/San_Marino",
            "Europe/Stockholm",
            "Europe/Vaduz",
            "Europe/Vatican",
            "Europe/Vienna",
            "Europe/Zurich"
        ]
    },
    {
        "timeformat": "Central Europe Standard Time",
        "offset": "(UTC+01:00) Belgrade, Bratislava, Budapest, Ljubljana, Prague",
        "utc_by_country": [
            "Europe/Belgrade",
            "Europe/Bratislava",
            "Europe/Budapest",
            "Europe/Ljubljana",
            "Europe/Podgorica",
            "Europe/Prague",
            "Europe/Tirane"
        ]
    },
    {
        "timeformat": "Romance Standard Time",
        "offset": "(UTC+01:00) Brussels, Copenhagen, Madrid, Paris",
        "utc_by_country": [
            "Africa/Ceuta",
            "Europe/Brussels",
            "Europe/Copenhagen",
            "Europe/Madrid",
            "Europe/Paris"
        ]
    },
    {
        "timeformat": "Central European Standard Time",
        "offset": "(UTC+01:00) Sarajevo, Skopje, Warsaw, Zagreb",
        "utc_by_country": [
            "Europe/Sarajevo",
            "Europe/Skopje",
            "Europe/Warsaw",
            "Europe/Zagreb"
        ]
    },
    {
        "timeformat": "W. Central Africa Standard Time",
        "offset": "(UTC+01:00) West Central Africa",
        "utc_by_country": [
            "Africa/Algiers",
            "Africa/Bangui",
            "Africa/Brazzaville",
            "Africa/Douala",
            "Africa/Kinshasa",
            "Africa/Lagos",
            "Africa/Libreville",
            "Africa/Luanda",
            "Africa/Malabo",
            "Africa/Ndjamena",
            "Africa/Niamey",
            "Africa/Porto-Novo",
            "Africa/Tunis",
            "Etc/GMT-1"
        ]
    },
    {
        "timeformat": "Namibia Standard Time",
        "offset": "(UTC+01:00) Windhoek",
        "utc_by_country": [
            "Africa/Windhoek"
        ]
    },
    {
        "timeformat": "GTB Standard Time",
        "offset": "(UTC+02:00) Athens, Bucharest",
        "utc_by_country": [
            "Asia/Nicosia",
            "Europe/Athens",
            "Europe/Bucharest",
            "Europe/Chisinau"
        ]
    },
    {
        "timeformat": "Middle East Standard Time",
        "offset": "(UTC+02:00) Beirut",
        "utc_by_country": [
            "Asia/Beirut"
        ]
    },
    {
        "timeformat": "Egypt Standard Time",
        "offset": "(UTC+02:00) Cairo",
        "utc_by_country": [
            "Africa/Cairo"
        ]
    },
    {
        "timeformat": "Syria Standard Time",
        "offset": "(UTC+02:00) Damascus",
        "utc_by_country": [
            "Asia/Damascus"
        ]
    },
    {
        "timeformat": "E. Europe Standard Time",
        "offset": "(UTC+02:00) E. Europe",
        "utc_by_country": [
            "Asia/Nicosia",
            "Europe/Athens",
            "Europe/Bucharest",
            "Europe/Chisinau",
            "Europe/Helsinki",
            "Europe/Kiev",
            "Europe/Mariehamn",
            "Europe/Nicosia",
            "Europe/Riga",
            "Europe/Sofia",
            "Europe/Tallinn",
            "Europe/Uzhgorod",
            "Europe/Vilnius",
            "Europe/Zaporozhye"
        ]
    },
    {
        "timeformat": "South Africa Standard Time",
        "offset": "(UTC+02:00) Harare, Pretoria",
        "utc_by_country": [
            "Africa/Blantyre",
            "Africa/Bujumbura",
            "Africa/Gaborone",
            "Africa/Harare",
            "Africa/Johannesburg",
            "Africa/Kigali",
            "Africa/Lubumbashi",
            "Africa/Lusaka",
            "Africa/Maputo",
            "Africa/Maseru",
            "Africa/Mbabane",
            "Etc/GMT-2"
        ]
    },
    {
        "timeformat": "FLE Standard Time",
        "offset": "(UTC+02:00) Helsinki, Kyiv, Riga, Sofia, Tallinn, Vilnius",
        "utc_by_country": [
            "Europe/Helsinki",
            "Europe/Kiev",
            "Europe/Mariehamn",
            "Europe/Riga",
            "Europe/Sofia",
            "Europe/Tallinn",
            "Europe/Uzhgorod",
            "Europe/Vilnius",
            "Europe/Zaporozhye"
        ]
    },
    {
        "timeformat": "Turkey Standard Time",
        "offset": "(UTC+03:00) Istanbul",
        "utc_by_country": [
            "Europe/Istanbul"
        ]
    },
    {
        "timeformat": "Israel Standard Time",
        "offset": "(UTC+02:00) Jerusalem",
        "utc_by_country": [
            "Asia/Jerusalem"
        ]
    },
    {
        "timeformat": "Libya Standard Time",
        "offset": "(UTC+02:00) Tripoli",
        "utc_by_country": [
            "Africa/Tripoli"
        ]
    },
    {
        "timeformat": "Jordan Standard Time",
        "offset": "(UTC+03:00) Amman",
        "utc_by_country": [
            "Asia/Amman"
        ]
    },
    {
        "timeformat": "Arabic Standard Time",
        "offset": "(UTC+03:00) Baghdad",
        "utc_by_country": [
            "Asia/Baghdad"
        ]
    },
    {
        "timeformat": "Kaliningrad Standard Time",
        "offset": "(UTC+02:00) Kaliningrad",
        "utc_by_country": [
            "Europe/Kaliningrad"
        ]
    },
    {
        "timeformat": "Arab Standard Time",
        "offset": "(UTC+03:00) Kuwait, Riyadh",
        "utc_by_country": [
            "Asia/Aden",
            "Asia/Bahrain",
            "Asia/Kuwait",
            "Asia/Qatar",
            "Asia/Riyadh"
        ]
    },
    {
        "timeformat": "E. Africa Standard Time",
        "offset": "(UTC+03:00) Nairobi",
        "utc_by_country": [
            "Africa/Addis_Ababa",
            "Africa/Asmera",
            "Africa/Dar_es_Salaam",
            "Africa/Djibouti",
            "Africa/Juba",
            "Africa/Kampala",
            "Africa/Khartoum",
            "Africa/Mogadishu",
            "Africa/Nairobi",
            "Antarctica/Syowa",
            "Etc/GMT-3",
            "Indian/Antananarivo",
            "Indian/Comoro",
            "Indian/Mayotte"
        ]
    },
    {
        "timeformat": "Moscow Standard Time",
        "offset": "(UTC+03:00) Moscow, St. Petersburg, Volgograd, Minsk",
        "utc_by_country": [
            "Europe/Kirov",
            "Europe/Moscow",
            "Europe/Simferopol",
            "Europe/Volgograd",
            "Europe/Minsk"
        ]
    },
    {
        "timeformat": "Samara Time",
        "offset": "(UTC+04:00) Samara, Ulyanovsk, Saratov",
        "utc_by_country": [
            "Europe/Astrakhan",
            "Europe/Samara",
            "Europe/Ulyanovsk"
        ]
    },
    {
        "timeformat": "Iran Standard Time",
        "offset": "(UTC+03:30) Tehran",
        "utc_by_country": [
            "Asia/Tehran"
        ]
    },
    {
        "timeformat": "Arabian Standard Time",
        "offset": "(UTC+04:00) Abu Dhabi, Muscat",
        "utc_by_country": [
            "Asia/Dubai",
            "Asia/Muscat",
            "Etc/GMT-4"
        ]
    },
    {
        "timeformat": "Azerbaijan Standard Time",
        "offset": "(UTC+04:00) Baku",
        "utc_by_country": [
            "Asia/Baku"
        ]
    },
    {
        "timeformat": "Mauritius Standard Time",
        "offset": "(UTC+04:00) Port Louis",
        "utc_by_country": [
            "Indian/Mahe",
            "Indian/Mauritius",
            "Indian/Reunion"
        ]
    },
    {
        "timeformat": "Georgian Standard Time",
        "offset": "(UTC+04:00) Tbilisi",
        "utc_by_country": [
            "Asia/Tbilisi"
        ]
    },
    {
        "timeformat": "Caucasus Standard Time",
        "offset": "(UTC+04:00) Yerevan",
        "utc_by_country": [
            "Asia/Yerevan"
        ]
    },
    {
        "timeformat": "Afghanistan Standard Time",
        "offset": "(UTC+04:30) Kabul",
        "utc_by_country": [
            "Asia/Kabul"
        ]
    },
    {
        "timeformat": "West Asia Standard Time",
        "offset": "(UTC+05:00) Ashgabat, Tashkent",
        "utc_by_country": [
            "Antarctica/Mawson",
            "Asia/Aqtau",
            "Asia/Aqtobe",
            "Asia/Ashgabat",
            "Asia/Dushanbe",
            "Asia/Oral",
            "Asia/Samarkand",
            "Asia/Tashkent",
            "Etc/GMT-5",
            "Indian/Kerguelen",
            "Indian/Maldives"
        ]
    },
    {
        "timeformat": "Yekaterinburg Time",
        "offset": "(UTC+05:00) Yekaterinburg",
        "utc_by_country": [
            "Asia/Yekaterinburg"
        ]
    },
    {
        "timeformat": "Pakistan Standard Time",
        "offset": "(UTC+05:00) Islamabad, Karachi",
        "utc_by_country": [
            "Asia/Karachi"
        ]
    },
    {
        "timeformat": "India Standard Time",
        "offset": "(UTC+05:30) Chennai, Kolkata, Mumbai, New Delhi",
        "utc_by_country": [
            "Asia/Kolkata",
            "Asia/Calcutta"
        ]
    },
    {
        "timeformat": "Sri Lanka Standard Time",
        "offset": "(UTC+05:30) Sri Jayawardenepura",
        "utc_by_country": [
            "Asia/Colombo"
        ]
    },
    {
        "timeformat": "Nepal Standard Time",
        "offset": "(UTC+05:45) Kathmandu",
        "utc_by_country": [
            "Asia/Kathmandu"
        ]
    },
    {
        "timeformat": "Central Asia Standard Time",
        "offset": "(UTC+06:00) Nur-Sultan (Astana)",
        "utc_by_country": [
            "Antarctica/Vostok",
            "Asia/Almaty",
            "Asia/Bishkek",
            "Asia/Qyzylorda",
            "Asia/Urumqi",
            "Etc/GMT-6",
            "Indian/Chagos"
        ]
    },
    {
        "timeformat": "Bangladesh Standard Time",
        "offset": "(UTC+06:00) Dhaka",
        "utc_by_country": [
            "Asia/Dhaka",
            "Asia/Thimphu"
        ]
    },
    {
        "timeformat": "Myanmar Standard Time",
        "offset": "(UTC+06:30) Yangon (Rangoon)",
        "utc_by_country": [
            "Asia/Rangoon",
            "Indian/Cocos"
        ]
    },
    {
        "timeformat": "SE Asia Standard Time",
        "offset": "(UTC+07:00) Bangkok, Hanoi, Jakarta",
        "utc_by_country": [
            "Antarctica/Davis",
            "Asia/Bangkok",
            "Asia/Hovd",
            "Asia/Jakarta",
            "Asia/Phnom_Penh",
            "Asia/Pontianak",
            "Asia/Saigon",
            "Asia/Vientiane",
            "Etc/GMT-7",
            "Indian/Christmas"
        ]
    },
    {
        "timeformat": "N. Central Asia Standard Time",
        "offset": "(UTC+07:00) Novosibirsk",
        "utc_by_country": [
            "Asia/Novokuznetsk",
            "Asia/Novosibirsk",
            "Asia/Omsk"
        ]
    },
    {
        "timeformat": "China Standard Time",
        "offset": "(UTC+08:00) Beijing, Chongqing, Hong Kong, Urumqi",
        "utc_by_country": [
            "Asia/Hong_Kong",
            "Asia/Macau",
            "Asia/Shanghai"
        ]
    },
    {
        "timeformat": "North Asia Standard Time",
        "offset": "(UTC+08:00) Krasnoyarsk",
        "utc_by_country": [
            "Asia/Krasnoyarsk"
        ]
    },
    {
        "timeformat": "Singapore Standard Time",
        "offset": "(UTC+08:00) Kuala Lumpur, Singapore",
        "utc_by_country": [
            "Asia/Brunei",
            "Asia/Kuala_Lumpur",
            "Asia/Kuching",
            "Asia/Makassar",
            "Asia/Manila",
            "Asia/Singapore",
            "Etc/GMT-8"
        ]
    },
    {
        "timeformat": "W. Australia Standard Time",
        "offset": "(UTC+08:00) Perth",
        "utc_by_country": [
            "Antarctica/Casey",
            "Australia/Perth"
        ]
    },
    {
        "timeformat": "Taipei Standard Time",
        "offset": "(UTC+08:00) Taipei",
        "utc_by_country": [
            "Asia/Taipei"
        ]
    },
    {
        "timeformat": "Ulaanbaatar Standard Time",
        "offset": "(UTC+08:00) Ulaanbaatar",
        "utc_by_country": [
            "Asia/Choibalsan",
            "Asia/Ulaanbaatar"
        ]
    },
    {
        "timeformat": "North Asia East Standard Time",
        "offset": "(UTC+08:00) Irkutsk",
        "utc_by_country": [
            "Asia/Irkutsk"
        ]
    },
    {
        "timeformat": "Japan Standard Time",
        "offset": "(UTC+09:00) Osaka, Sapporo, Tokyo",
        "utc_by_country": [
            "Asia/Dili",
            "Asia/Jayapura",
            "Asia/Tokyo",
            "Etc/GMT-9",
            "Pacific/Palau"
        ]
    },
    {
        "timeformat": "Korea Standard Time",
        "offset": "(UTC+09:00) Seoul",
        "utc_by_country": [
            "Asia/Pyongyang",
            "Asia/Seoul"
        ]
    },
    {
        "timeformat": "Cen. Australia Standard Time",
        "offset": "(UTC+09:30) Adelaide",
        "utc_by_country": [
            "Australia/Adelaide",
            "Australia/Broken_Hill"
        ]
    },
    {
        "timeformat": "AUS Central Standard Time",
        "offset": "(UTC+09:30) Darwin",
        "utc_by_country": [
            "Australia/Darwin"
        ]
    },
    {
        "timeformat": "E. Australia Standard Time",
        "offset": "(UTC+10:00) Brisbane",
        "utc_by_country": [
            "Australia/Brisbane",
            "Australia/Lindeman"
        ]
    },
    {
        "timeformat": "AUS Eastern Standard Time",
        "offset": "(UTC+10:00) Canberra, Melbourne, Sydney",
        "utc_by_country": [
            "Australia/Melbourne",
            "Australia/Sydney"
        ]
    },
    {
        "timeformat": "West Pacific Standard Time",
        "offset": "(UTC+10:00) Guam, Port Moresby",
        "utc_by_country": [
            "Antarctica/DumontDUrville",
            "Etc/GMT-10",
            "Pacific/Guam",
            "Pacific/Port_Moresby",
            "Pacific/Saipan",
            "Pacific/Truk"
        ]
    },
    {
        "timeformat": "Tasmania Standard Time",
        "offset": "(UTC+10:00) Hobart",
        "utc_by_country": [
            "Australia/Currie",
            "Australia/Hobart"
        ]
    },
    {
        "timeformat": "Yakutsk Standard Time",
        "offset": "(UTC+09:00) Yakutsk",
        "utc_by_country": [
            "Asia/Chita",
            "Asia/Khandyga",
            "Asia/Yakutsk"
        ]
    },
    {
        "timeformat": "Central Pacific Standard Time",
        "offset": "(UTC+11:00) Solomon Is., New Caledonia",
        "utc_by_country": [
            "Antarctica/Macquarie",
            "Etc/GMT-11",
            "Pacific/Efate",
            "Pacific/Guadalcanal",
            "Pacific/Kosrae",
            "Pacific/Noumea",
            "Pacific/Ponape"
        ]
    },
    {
        "timeformat": "Vladivostok Standard Time",
        "offset": "(UTC+11:00) Vladivostok",
        "utc_by_country": [
            "Asia/Sakhalin",
            "Asia/Ust-Nera",
            "Asia/Vladivostok"
        ]
    },
    {
        "timeformat": "New Zealand Standard Time",
        "offset": "(UTC+12:00) Auckland, Wellington",
        "utc_by_country": [
            "Antarctica/McMurdo",
            "Pacific/Auckland"
        ]
    },
    {
        "timeformat": "UTC+12",
        "offset": "(UTC+12:00) Coordinated Universal Time+12",
        "utc_by_country": [
            "Etc/GMT-12",
            "Pacific/Funafuti",
            "Pacific/Kwajalein",
            "Pacific/Majuro",
            "Pacific/Nauru",
            "Pacific/Tarawa",
            "Pacific/Wake",
            "Pacific/Wallis"
        ]
    },
    {
        "timeformat": "Fiji Standard Time",
        "offset": "(UTC+12:00) Fiji",
        "utc_by_country": [
            "Pacific/Fiji"
        ]
    },
    {
        "timeformat": "Magadan Standard Time",
        "offset": "(UTC+12:00) Magadan",
        "utc_by_country": [
            "Asia/Anadyr",
            "Asia/Kamchatka",
            "Asia/Magadan",
            "Asia/Srednekolymsk"
        ]
    },
    {
        "timeformat": "Kamchatka Standard Time",
        "offset": "(UTC+12:00) Petropavlovsk-Kamchatsky - Old",
        "utc_by_country": [
            "Asia/Kamchatka"
        ]
    },
    {
        "timeformat": "Tonga Standard Time",
        "offset": "(UTC+13:00) Nuku'alofa",
        "utc_by_country": [
            "Etc/GMT-13",
            "Pacific/Enderbury",
            "Pacific/Fakaofo",
            "Pacific/Tongatapu"
        ]
    },
    {
        "timeformat": "Samoa Standard Time",
        "offset": "(UTC+13:00) Samoa",
        "utc_by_country": [
            "Pacific/Apia"
        ]
    }
]
